-- --init articles
-- TRUNCATE TABLE `article`;
-- INSERT INTO `article` (`id`,`create_date`,`creator`,`head_img`,`text`,`title`,`update_date`)
-- VALUES
-- (1,'207-12-12 12:00:00','admn','/temp/img','main-text','title1','207-12-12 12:00:00'),
-- (2,'207-12-12 12:00:00','admn','/temp/img','main-text','title2','207-12-12 12:00:00'),
-- (3,'207-12-12 12:00:00','admn','/temp/img','main-text','title3','207-12-12 12:00:00'),
-- (4,'207-12-12 12:00:00','admn','/temp/img','main-text','title4','207-12-12 12:00:00'),
-- (5,'207-12-12 12:00:00','admn','/temp/img','main-text','title5','207-12-12 12:00:00'),
-- (6,'207-12-12 12:00:00','admn','/temp/img','main-text','title6','207-12-12 12:00:00');

-- init menus
TRUNCATE TABLE `menu`;
INSERT INTO `menu` (`id`,`parent_id`,`logo`,`name`,`url`,`sort_id`,`function_id`,`creater`,`create_time`,`modifier`,`modify_time`)
VALUES
  ('0000000000000000000000000','1000000000000000000000000','fa-cog','菜单管理','system/menu',1,'F10001','000001','207-12-12 12:00:00','000001','207-12-12 12:00:00'),
  ('0000000000000000000000001','0000000000000000000000000','fa-cog','系统管理','',2,'F10000','F10000','207-12-12 12:00:00','000001','207-12-12 12:00:00'),
  ('0000000000000000000000002','0000000000000000000000001','fa-navicon','菜单管理','system/menu',5,'F11000','000001','207-12-12 12:00:00','000001','207-12-12 12:00:00'),
  ('0000000000000000000000003','0000000000000000000000001','fa-user','用户管理','system/user',2,'F14000','000001','207-12-12 12:00:00','000001','207-12-12 12:00:00'),
  ('0000000000000000000000004','0000000000000000000000001','fa-check-square','功能管理','system/function',4,'F12000','000001','207-12-12 12:00:00','000001','207-12-12 12:00:00'),
  ('0000000000000000000000005','0000000000000000000000001','fa-user-o','角色管理','system/role',3,'F13000','000001','207-12-12 12:00:00','000001','207-12-12 12:00:00');

-- init functions {F}{模块编号}{子模块编号}{000序号}
TRUNCATE TABLE `function`;
INSERT INTO `function` (`id`,`name`,`creater`,`create_time`,`modifier`,`modify_time`)
VALUES
  ('F00001','菜单管理','000001','207-12-12 12:00:00','000001','207-12-12 12:00:00'),
  ('F10000','系统管理','000001','207-12-12 12:00:00','000001','207-12-12 12:00:00'),
  ('F11000','菜单管理-查询','000001','207-12-12 12:00:00','000001','207-12-12 12:00:00'),
  ('F11001','菜单管理-修改','000001','207-12-12 12:00:00','000001','207-12-12 12:00:00'),
  ('F12000','功能管理-修改','000001','207-12-12 12:00:00','000001','207-12-12 12:00:00'),
  ('F12001','功能管理-修改','000001','207-12-12 12:00:00','000001','207-12-12 12:00:00'),
  ('F13000','角色管理-查询','000001','207-12-12 12:00:00','000001','207-12-12 12:00:00'),
  ('F13001','角色管理-修改','000001','207-12-12 12:00:00','000001','207-12-12 12:00:00'),
  ('F13002','角色管理-权限','000001','207-12-12 12:00:00','000001','207-12-12 12:00:00'),
  ('F14000','人员管理-查询','000001','207-12-12 12:00:00','000001','207-12-12 12:00:00'),
  ('F14001','人员管理-修改','000001','207-12-12 12:00:00','000001','207-12-12 12:00:00'),
  ('F14002','人员管理-权限','000001','207-12-12 12:00:00','000001','207-12-12 12:00:00'),
  ('F00004','人员管理','000001','207-12-12 12:00:00','000001','207-12-12 12:00:00'),
  ('F00005','功能管理','000001','207-12-12 12:00:00','000001','207-12-12 12:00:00'),
  ('F00006','角色管理','000001','207-12-12 12:00:00','000001','207-12-12 12:00:00');

-- init roles
TRUNCATE TABLE `role`;
INSERT INTO `role` (`id`,`name`,`description`,`creater`,`create_time`,`modifier`,`modify_time`)
VALUES
  ('R00001','菜单管理员','菜单管理员','000001','207-12-12 12:00:00','000001','207-12-12 12:00:00'),
  ('R00002','系统管理员','系统管理员','000001','207-12-12 12:00:00','000001','207-12-12 12:00:00'),
  ('R00003','管理员','管理员','000001','207-12-12 12:00:00','000001','207-12-12 12:00:00'),
  ('R00004','人员管理员','人员管理员','000001','207-12-12 12:00:00','000001','207-12-12 12:00:00'),
  ('R00005','功能管理员','功能管理员','000001','207-12-12 12:00:00','000001','207-12-12 12:00:00'),
  ('R00006','角色管理员','角色管理员','000001','207-12-12 12:00:00','000001','207-12-12 12:00:00');

-- init roles
TRUNCATE TABLE `role_function`;
INSERT INTO `role_function` (`role_id`,`function_id`)
VALUES
  ('R00002','F00001'),
  ('R00002','F00002'),
  ('R00002','F00003'),
  ('R00002','F00004'),
  ('R00002','F00005'),
  ('R00002','F00006'),
  ('R00002','F10000'),
  ('R00002','F11000'),
  ('R00002','F11001'),
  ('R00002','F12000'),
  ('R00002','F12001'),
  ('R00002','F14000'),
  ('R00002','F14001'),
  ('R00002','F14002'),
  ('R00002','F13000'),
  ('R00002','F13001'),
  ('R00002','F13002');

-- init user
TRUNCATE TABLE `user`;
INSERT INTO `user` (`id`,`email`,`img`,`account`,`username`,`password`,`department`,`creater`,`create_time`,`modifier`,`modify_time`)
VALUES
  ('0000000000000000000000001','mmm@qq.com','1.jpg','zhangsan','张三','123456','人力资源部','000001','207-12-12 12:00:00','000001','207-12-12 12:00:00'),
  ('0000000000000000000000002','mmm@qq.com','1.jpg','lisi12','李四','123456','人力资源部','000001','207-12-12 12:00:00','000001','207-12-12 12:00:00'),
  ('0000000000000000000000003','mmm@qq.com','1.jpg','wangwu','王五','123456','人力资源部','000001','207-12-12 12:00:00','000001','207-12-12 12:00:00'),
  ('0000000000000000000000004','mmm@qq.com','1.jpg','liuchuanfe','流川枫','123456','人力资源部','000001','207-12-12 12:00:00','000001','207-12-12 12:00:00'),
  ('0000000000000000000000005','mmm@qq.com','1.jpg','daxingxing','大猩猩','123456','人力资源部','000001','207-12-12 12:00:00','000001','207-12-12 12:00:00'),
  ('0000000000000000000000006','mmm@qq.com','1.jpg','chenergou','陈二狗','123456','人力资源部','000001','207-12-12 12:00:00','000001','207-12-12 12:00:00');

TRUNCATE TABLE `user_role`;
INSERT INTO `user_role` (`user_id`,`role_id`)
VALUES
  ('0000000000000000000000001','R00002')